n_years,ols_slope,ols_r2,ols_pvalue,theilsen_slope,slope_disagreement,flagged,most_influential_year,ORP_KOD
9,-0.006449891105527632,0.2686911944347602,0.15278556176238234,-0.007644681219257007,0.1562903775136745,False,2017,19
9,-0.005327813191018557,0.0874203646275924,0.44004594937802954,-0.00815182074803476,0.34642660140644216,False,2018,27
9,-0.002349955591350869,0.018824371873433665,0.7250593250772326,-0.008127110806754772,0.7108498152384333,True,2018,35
9,-0.0018391151312702279,0.011471357132789906,0.7838359365918084,-0.0056851270417992705,0.6765041277444925,True,2018,43
9,-0.0018895117816099011,0.011318226616228944,0.7854888005115905,-0.0030990092595241893,0.39028520944141676,False,2025,51
9,-0.004709738601843212,0.07132647414154047,0.4873880980469999,-0.0041444028022442495,0.13640947238353035,False,2017,60
9,0.0006026744976814762,0.001298286033321161,0.9264735312877853,0.0019372652879824704,0.688904508112505,True,2023,78
9,0.0018307445906147947,0.010063399837678011,0.7972106433890561,0.002435140881461394,0.24819766915657246,False,2017,86
9,0.0010867182261400342,0.0034569947653356747,0.8806560938236103,-0.00035234557665314635,4.084239729820176,True,2018,94
9,-0.00033854373922863893,0.00048485405641218726,0.9550652111372879,-0.00048661262227062406,0.3042849204179466,False,2018,108
9,-3.457287105973925e-05,3.6161844575444135e-06,0.9963037495324302,-0.002725509148835925,0.9873150779646052,True,2018,116
9,0.0018259118705907427,0.006239418525382678,0.8399207376709894,0.003838204787854793,0.5242797162964145,True,2018,124
9,-0.001432976786490215,0.007886340333419395,0.820324595948608,-0.0019184031187027644,0.2530366675700556,False,2018,132
9,-0.00038431416094947875,0.0004948309758588953,0.9547692668009069,0.001283613421504483,1.2994002357026122,True,2025,141
9,-0.0027511057138313103,0.030353456745762508,0.6538165061325609,-0.004076313299686241,0.3250995417739195,False,2018,159
9,-0.0025079536249320894,0.018948708241235623,0.7240838501023658,-0.0029061946802756977,0.1370317886982812,False,2018,167
9,-0.0017174229060968262,0.015098567571564914,0.7529431231815835,-0.0032669012535806773,0.47429604607288023,False,2018,175
9,-0.0029106192335970524,0.10976057181002008,0.38356826757320217,-0.003213634923263118,0.09429063876315606,False,2017,183
9,-0.0006322644720841569,0.0023322183514631334,0.9017376881085464,-0.0007533052657480327,0.16067960648553573,False,2018,191
9,0.0049129916343989685,0.11820092291469275,0.3650463484822569,0.003798206162743191,0.29350314961593404,False,2018,205
9,-0.0026802511775446953,0.0366067507392156,0.6219231529071032,-0.0021743497319362966,0.23266792741657277,False,2025,213
9,-0.006133735723764937,0.10737941743942325,0.38959062653070675,-0.007096230637807973,0.135634671865788,False,2018,221
9,-0.004071357284505312,0.05434952721595232,0.5462712700860783,-0.005454417780200868,0.253567026111561,False,2018,230
9,-0.008257570258874934,0.18932330280973597,0.24203705659224173,-0.010808939629443166,0.23604252202671136,False,2025,248
9,-0.0064360314402118705,0.15838779712003614,0.2891803490479268,-0.008920786440084667,0.2785354202301937,False,2025,256
9,-0.0016320793251440031,0.01451445831273035,0.7577786828683779,0.00121680943911819,2.341277666556199,True,2018,264
9,0.0023257834144122477,0.010126286879899915,0.796504226990684,0.004908935653149139,0.5262143204260111,True,2017,272
9,-0.012901450085754456,0.33533490663211174,0.10258714215823361,-0.008298848756531987,0.5546072068851455,True,2024,281
9,-0.008533257397161716,0.18536281915745023,0.24777328814282795,-0.009643335045340245,0.11511345846216654,False,2025,299
9,-0.0079872391984359,0.16638183701010067,0.27654683873921115,-0.0016412875673057815,3.8664471464602466,True,2025,302
9,-0.017518693167492487,0.3910423146030656,0.07179237522853724,-0.016652387862776334,0.05202288775969694,False,2024,311
9,-0.017120065103894702,0.3361973979357279,0.10186820045636251,-0.021138509018262697,0.19010063154862267,False,2024,329
9,0.0012306807949785832,0.008234906326299085,0.815650278021296,0.002217140262549411,0.44492424959913585,False,2017,337
9,-0.008934942510128583,0.23568148802039401,0.18617401373454545,-0.009908700245374668,0.09827300363643862,False,2025,345
9,-0.01248961683073771,0.27194930276712703,0.1507592391292832,-0.00768311669342403,0.6255924944401218,True,2024,353
9,-0.00995636727288061,0.297703832918522,0.12891858748292404,-0.011003318081195868,0.09514864521679564,False,2018,361
9,-0.004353992076413005,0.14138297011800305,0.31899656587203373,-0.006174977815555233,0.29489753543001035,False,2018,370
9,-0.008069215635907692,0.23003500038554026,0.19179619058002828,-0.01092652793926567,0.2615023106370245,False,2025,388
9,-0.004368712880889278,0.08110241028254728,0.45802787112211907,-0.003826409223793447,0.1417265183566013,False,2018,396
9,-0.006040672439911784,0.1686074407296667,0.27275360381718183,-0.0061661639509540695,0.020351633858660054,False,2025,400
9,-0.016315192004192722,0.32502236756954106,0.1091313186498064,-0.012042070477016631,0.35484940362471096,False,2024,418
9,-0.0170369308807067,0.2714074652866346,0.15046249411621457,-0.01754967071375258,0.02921649308462969,False,2024,426
9,-0.004144292832873216,0.06589117871109207,0.5062455264007362,-0.0032807088203491946,0.26323092350271493,False,2025,434
9,-0.008078867028378085,0.22314576096738437,0.19941355880363232,-0.00964447362794461,0.16233199031518125,False,2025,442
9,-0.008771031252687427,0.15708324105372273,0.2915554806408842,-0.00707614668201004,0.2395208362464217,False,2025,451
9,-0.005430887817657132,0.10574635223369733,0.39416246039571334,-0.00767834393651395,0.29270063146939307,False,2025,469
9,-0.0036148924479345854,0.06237142194875567,0.5173718203957829,-0.00436656367125271,0.17214250836802295,False,2025,477
9,-0.010108807569426566,0.23440793465712428,0.18676291251643995,-0.007363652983444234,0.37279792952686486,False,2025,485
9,-0.005112303556299462,0.06252409872327425,0.5167119841845493,-0.006590903415287064,0.22433948213504543,False,2025,493
9,-0.013781918187023467,0.20889012390358497,0.21639438127195187,-0.010847735106636197,0.27048808359933657,False,2024,507
9,-0.013268825949560232,0.20457266165796284,0.2220512968842575,-0.008655317924328693,0.5330258305432916,True,2024,515
9,-0.019210422246451978,0.30726681562368363,0.12160879854646152,-0.017198963876048436,0.11695229927220978,False,2024,523
9,-0.014555079214762763,0.22606705084353762,0.19606017964953282,-0.010157527929783104,0.43293519007567827,False,2024,531
9,-0.009428703231967721,0.0899153488629667,0.4334023683532503,-0.007160450281641115,0.3167751832789407,False,2024,540
9,-0.01148091582170801,0.3228340270767517,0.11067683829601814,-0.009451044429115027,0.21477746801609898,False,2025,558
9,-0.010529858631693182,0.22654154988691044,0.19540181021651215,-0.009058442291043967,0.1624359126407414,False,2025,566
9,-0.0131673893454973,0.26808965588692457,0.15343843000302032,-0.012027585653134502,0.09476579300566074,False,2025,574
9,-0.00847384779206866,0.3706411245458924,0.08192419692738528,-0.008038805073465442,0.05411783400983456,False,2025,582
9,-0.00994899945639109,0.3719618165769929,0.08119982419630734,-0.008132194709160722,0.22340890893620402,False,2017,591
9,-0.010866537546345223,0.4032657249702519,0.06621223923360893,-0.010885097531198387,0.0017050820904422838,False,2025,604
9,-0.005194481436713632,0.12211544866547508,0.3567183102471565,-0.006422320303617238,0.1911830629518822,False,2025,612
9,-0.0035209038227726123,0.038761455351929985,0.6118856585275095,-0.0026687917522878655,0.3192875838867007,False,2025,621
9,-0.007355917724436366,0.08219326771829116,0.4546768009591664,-0.007328767375799655,0.0037046268826002016,False,2017,639
9,-0.008476776190170246,0.14507988603361677,0.31206612194733485,-0.006873199094688488,0.23330869270482504,False,2024,647
9,-0.004330854431204369,0.056785348892933185,0.5371582705055002,-0.004020334040488394,0.07723746026791663,False,2017,655
9,-0.01665524205078314,0.19682013266791387,0.23171340425433562,-0.017001210426448032,0.020349631996006937,False,2024,663
9,-0.01677559448796563,0.2726590876731867,0.14957606823953795,-0.015207023644639621,0.10314778749482124,False,2024,671
9,-0.014764073784672288,0.24069219863204372,0.1801222572622686,-0.01976051584197005,0.2528497786826821,False,2025,680
9,-0.014668667220471577,0.3062783181466009,0.12236809902927871,-0.019150225634237697,0.2340211807088985,False,2025,698
9,-0.007287422563345758,0.0871420174812424,0.4408215108177448,-0.0066900230232182535,0.08929708284324019,False,2024,701
9,-0.006200140970346528,0.09740680821325498,0.4137685103262009,-0.005456921203625231,0.13619763580744917,False,2025,710
9,-0.002855651452962751,0.016152675838802866,0.7446791086210869,-0.00042422150675369143,5.731510325384751,True,2017,728
9,-0.008981602023989935,0.10930856650218101,0.38508467430173243,-0.006749735840025797,0.3306597823768475,False,2017,736
9,-0.010151748942279002,0.1274512391886512,0.345865133416949,-0.009191249943100888,0.104501455745862,False,2024,744
9,-0.003155078417361465,0.022441469135542347,0.7008819059495572,-0.0025569639596966093,0.23391587331399988,False,2024,752
9,-0.0073843457005203445,0.0902497094235416,0.43244560227997364,-0.00295172447491591,1.5017056176053531,True,2024,761
9,-0.008501240798776831,0.10839687726271952,0.3872891906700854,-0.005919491995048762,0.4361436430503699,False,2024,779
9,-0.006779101556958228,0.04569005534258075,0.5809420793584228,-0.004234681961043041,0.6008525833398061,True,2024,787
9,-0.008278596611975246,0.17146214690395833,0.26793818459742536,-0.007493210590119578,0.10481301872007497,False,2024,795
9,-0.010549414033256472,0.22861147818971406,0.19305148090516866,-0.00893802211166389,0.18028506770975167,False,2024,809
9,-0.007004707576723961,0.14649580263867656,0.3094535236021101,-0.004352506134738476,0.6093504201677234,True,2024,817
9,-0.0005977580372445832,0.001228302702701245,0.9287721673406408,-0.000249392726485122,1.3968543336016002,True,2025,825
9,0.002681970454402657,0.024761519853771286,0.685907666697452,0.0033636469365524724,0.20265993875340882,False,2017,833
9,0.0014994474536451062,0.006595025492042383,0.8354088616251882,0.00277481208024461,0.45962198149543726,False,2017,841
9,0.005454490188424358,0.0648069912810153,0.5085248422533263,0.007182510247097932,0.2405872040867292,False,2017,850
9,-0.006617476958982429,0.07367309122727794,0.4800104758570053,-0.007087940334704224,0.06637518848998988,False,2025,868
9,-0.0001458181229928264,5.259258434275882e-05,0.9853280443098217,-8.423877010525424e-05,0.7310096385622713,True,2024,876
9,-0.0007272513389929718,0.0009228102941577498,0.9388392819345466,-0.01159643827249994,0.937286663206099,True,2017,884
9,-0.0006030252849549476,0.0005754643803000947,0.9515236058172599,-0.001790985931626631,0.6632998203356847,True,2017,892
9,-0.0015073199719783537,0.0059653994775106245,0.844023813575272,-0.000891654407999101,0.6904755457451555,True,2017,906
9,-0.0009112861054719253,0.001371421562503361,0.9251108695976211,-0.004453014348399592,0.7953552281277871,True,2017,914
9,0.0029944771486856195,0.027357633265734593,0.6703543162709273,-0.0015344795935845479,2.9514610433433752,True,2017,922
9,-0.004040832455954406,0.051893315791304295,0.5557894505752774,-0.005093986204367178,0.20674452308290156,False,2018,931
9,0.0005876460376633681,0.0013993442461197603,0.9233529881847271,-0.0024801010194501804,1.2369443958349908,True,2018,949
9,-0.003998594423039558,0.05640344193105151,0.5388143041673195,-0.0028644329839084604,0.3959462293244358,False,2018,957
9,0.002530474034119796,0.06561547962762504,0.5058109044625687,0.0007198590216368206,2.515235564271996,True,2018,965
9,0.0035708597926391544,0.06845516489954784,0.4963981646395986,0.0012271888898325283,1.909788234088773,True,2018,973
9,0.0011791742514176261,0.005845645613636541,0.8449716956602483,-0.0009389046805658927,2.2559041144697662,True,2018,981
9,-0.0007359896556296801,0.0031652572557225866,0.8861520372334031,-0.00045443867623502776,0.6195576963811045,True,2018,990
9,-0.0016382231189355344,0.020026323325677775,0.7165825333978217,-0.0033639669554962684,0.5130085578697797,True,2018,1007
9,-0.0004978626477430407,0.0013591455689130338,0.9251177541657798,-0.002963114233980403,0.8319799344778371,True,2018,1015
9,-0.0003935975648919958,0.0006216031001564648,0.9494626498148497,-0.0035817714443731608,0.89011092108897,True,2018,1023
9,0.004266770587536461,0.056556271577180794,0.5377005165046334,0.007876541085749898,0.4582938702299378,False,2017,1031
9,0.00914054303274617,0.2924836966778117,0.1327162645913155,0.01131788778845182,0.19238083964105906,False,2018,1040
9,0.003062610756382334,0.029879260767312177,0.6564065952976175,-0.00023050161329150193,14.286721566279143,True,2018,1058
9,0.0017950799484351982,0.017942775138664713,0.7310845820935513,0.0015386013741993507,0.16669592172261807,False,2018,1066
9,0.0029237215270602767,0.04920492459532877,0.5663194956113204,0.004821685212431051,0.39363077466723256,False,2018,1074
9,0.003968244868931554,0.08215676860652843,0.4547447518789719,0.006108348043440022,0.35035711116801904,False,2018,1082
9,-0.0025859750397039796,0.02669429646653443,0.6747894132516943,-0.002333088713512907,0.10839121749909994,False,2018,1091
9,-0.0009802007406863138,0.003807430752756802,0.8747857608670861,-0.0031701674932985563,0.6908047468285607,True,2018,1104
9,-0.002650070024734253,0.07920344815381619,0.46328042893940335,-0.0013270685874212512,0.9969352374498195,True,2019,1112
9,-0.0012228121733943646,0.008537706590567296,0.8132473123335433,-0.00015566697164719667,6.855309064312908,True,2018,1121
9,-0.006949053343423229,0.09010564589969561,0.43268561002682193,-0.003091914622518558,1.2474919885604057,True,2024,1139
9,-0.006096599263454178,0.11497267666013888,0.37210281028198,-0.004098115917459788,0.4876590575390916,False,2018,1147
9,-0.0014866157395158962,0.012555162837253442,0.7742658205726828,0.0006868782930322194,3.1643073519665927,True,2018,1155
9,0.004696130436110459,0.08600090948083217,0.4437129328006939,0.0005539563567575553,7.477437579375533,True,2018,1163
9,0.00042600227955831907,0.0005441324606919595,0.9524052737612856,-0.0005157968387344752,1.8259109935677968,True,2018,1171
9,0.003004593198550541,0.03349906927090407,0.6371688053256948,0.0004347818441713669,5.9105765082644455,True,2018,1180
9,0.0005199115749615254,0.000692326251580444,0.9463249291393598,-0.002820142256541325,1.1843565067526611,True,2018,1198
9,-2.609344105253015e-05,3.4439320754087177e-06,0.9965521822282031,0.0011271418832225044,1.0231500944476741,True,2024,1201
9,-0.004730331320690762,0.05835162708933039,0.5313836110102159,-0.0008405687481287671,4.627536511702575,True,2024,1210
9,-0.004746605195358323,0.03797689107177604,0.6155107666495498,-0.00472494523229627,0.004584172301935151,False,2024,1228
9,-0.0007120665877163638,0.0010508366150790982,0.9342270816930385,-0.0018103060684053693,0.6066595587653327,True,2024,1236
9,0.00042465748013700616,0.0004352958493681891,0.9574102993933781,-0.00037377595680621045,2.1361284009960437,True,2018,1244
9,0.0029470950779889337,0.09893864996238477,0.4098610498881651,0.0018763893974132289,0.570620193256138,True,2018,1252
9,0.00010714838207384696,4.913411150408997e-05,0.9855071159904745,-1.6633723486777122e-05,7.441635401660003,True,2018,1261
9,-0.0006315714252119372,0.001451212956182668,0.9226223996592013,-0.0004399797338722292,0.4354557189566975,False,2018,1279
9,0.0004838521946765244,0.0012332724837780251,0.9284432764663908,-0.0019172739345062427,1.2523646652512028,True,2018,1287
9,-0.0017583406609039572,0.010782384539004708,0.79044100725245,-0.002188753812584006,0.19664758512603586,False,2025,1295
9,-0.001433219813699378,0.007338998766886928,0.8266993363995047,-0.001107767495592965,0.293791178565142,False,2018,1309
9,-0.005944408120556015,0.26728501087931256,0.1540205359574883,-0.009027792927578942,0.34154359008429586,False,2025,1317
9,0.000641554760855173,0.004402013023663609,0.8653498111917479,0.0015356229976247581,0.5822185771849568,True,2025,1325
9,-0.00023075207063038552,0.0002484763822843128,0.9678300200923381,-0.0007504053525769216,0.6924967687957265,True,2025,1333
9,-0.0005065465301877507,0.003724275331717264,0.8761379429389875,-0.0003470704233027774,0.459492068979469,False,2018,1341
9,-0.0009325799080859674,0.003771235352170055,0.8753164074226577,0.00018293062129846982,6.097997817240061,True,2018,1350
9,-0.0027487016412468157,0.03685351203347331,0.6207267969557946,-0.0030180545115912013,0.08924718533409635,False,2018,1368
9,0.001081300845393677,0.004313151705982898,0.8669425793453021,0.0005053284059939572,1.1397982630064287,True,2025,1376
9,-0.004381049252231776,0.0907265136756431,0.4303779550783755,-0.006535796353283033,0.32968394126431033,False,2025,1384
9,0.0016477380469964002,0.012153613308440114,0.777900845192868,0.0007049442943189155,1.3374017780913716,True,2025,1392
9,0.001571367290235257,0.013501044830171338,0.7664665157495735,0.0013291432982320457,0.1822406901689265,False,2025,1406
9,0.005741611159676737,0.14215863372443138,0.31767648769964274,0.005476404491441898,0.048427151180904016,False,2024,1414
9,-0.011185915308085395,0.3434943960192959,0.09723737356629106,-0.01175193348484831,0.048163834273966775,False,2017,1422
9,-0.002490836224724914,0.033538519012368706,0.6369817282798341,-0.0023380748565193865,0.0653363889439102,False,2025,1431
9,-0.009763785469074499,0.18420112278309309,0.24902496207382652,-0.012456523340430398,0.21617090080151208,False,2017,1449
9,-0.007940958719862504,0.17869306414267616,0.2569838868470464,-0.004403044224151824,0.8035155486979473,True,2025,1457
9,-0.00555344191269046,0.13376337618153267,0.33305188610642755,-0.0038428411477290664,0.44513959833397637,False,2025,1465
9,-0.0032903529759818707,0.04236368666214152,0.5949807300616914,-0.005638129759445502,0.4164105623022287,False,2025,1473
9,-0.0004404109514708722,0.00095747795614054,0.9370139292985608,0.0016215897728856024,1.271592087490269,True,2018,1481
9,-0.006276836425709596,0.17264997810996585,0.26601377796264203,-0.0060484304691070835,0.037762847364967995,False,2017,1490
9,-0.00034669008760314016,0.0012188934081964753,0.9295968278004996,0.0015162026117024109,1.2286568331483563,True,2018,1503
9,0.0036474607896604407,0.12351591413780239,0.3530185643823853,0.00420593237459684,0.13278187455164017,False,2024,1511
9,-0.004466559148937914,0.06830900113065863,0.49695866656351817,-0.003975535421497108,0.12351134510981084,False,2025,1520
9,0.0020838826464268587,0.016393383268762163,0.7429120853540331,0.005883347389818142,0.6457998298667057,True,2025,1538
9,0.0028636926881029008,0.03899527152677684,0.6105996254109946,0.004193226056447386,0.31706694331449947,False,2019,1546
9,-0.006602366912612261,0.08198097807056193,0.4552511679915803,-0.005908809347135277,0.11737687319582177,False,2024,1554
9,0.00032904296732672354,0.0004716921409213537,0.955783062782205,0.0014824835093947635,0.7780461197433095,True,2018,1562
9,0.003991627467694907,0.03814106597035871,0.6143069128538087,0.005477113631111053,0.27121697000739586,False,2017,1571
9,-0.0006702997553706979,0.0035293405676651846,0.8796816269367246,-0.0008808117445128945,0.2389977091627152,False,2018,1589
9,0.005311899985271373,0.11654312625318042,0.36836751576668225,0.005312631888614714,0.00013776662089257297,False,2017,1597
9,-0.005828459467344964,0.15198014492315892,0.29970834563000703,-0.007934779879840334,0.26545417067546345,False,2018,1601
9,-0.010194167412276267,0.2504205030803761,0.17007199747472118,-0.011142104716592726,0.08507704140536379,False,2017,1619
9,0.00510370576631129,0.060735748039540405,0.5226699970921103,0.007560435889322132,0.32494556649578477,False,2018,1627
9,-0.0003914259167378788,0.0003655015210531909,0.9609500029560726,-0.001165645066230871,0.6641980238430899,True,2018,1635
9,0.0031046212295012337,0.05829478942343291,0.5313928354666784,0.003098786586398561,0.0018828799402587737,False,2025,1643
9,0.0002791177800141191,0.00041763241547643215,0.9584751424958368,0.0021393686657999273,0.8695326408785394,True,2017,1651
9,0.0022393907004761462,0.031462084538229074,0.6481101638113866,0.0025706500706042983,0.12886210142568372,False,2017,1660
9,-0.0003331968471569953,0.0004969464384652067,0.9551160025823392,-0.00033817096448826014,0.01470888353407863,False,2018,1678
9,-0.0017235507228057488,0.011765981914555135,0.7818696599891884,-0.005299133489643976,0.6747485742387769,True,2018,1686
9,0.000407826105169602,0.0017306753005722486,0.9148823424859731,-0.0010412623578872938,1.391665080448193,True,2025,1694
9,-0.002387111576361653,0.04457686301445385,0.5864937900100811,-0.005341439062306932,0.5530957952498524,True,2018,1708
9,-0.007704555828099654,0.06743272045509519,0.5000455146379909,-0.0050402241894897636,0.5286137160655959,True,2024,1716
9,-0.003545149907570741,0.023859086352352343,0.6916171981960872,-0.0027054319304389536,0.31038222314303204,False,2017,1724
9,-0.007375067355206238,0.05482754951377988,0.5443739713618452,-0.0052152227075219154,0.41414236146985217,False,2024,1732
9,-0.0014365908703152682,0.00815778201154771,0.8171347430086962,8.793837415150829e-05,17.336336487642786,True,2017,1741
9,-0.006457876260779768,0.09683528783295914,0.4151418146544724,-0.006711468439970586,0.03778490228465253,False,2017,1759
9,-0.003180413590257157,0.018594761855738717,0.7265122239278894,-0.006323223333773961,0.4970265286582951,False,2017,1767
9,-0.006666509020338033,0.10466001234254096,0.39575290624678217,-0.008261943543868562,0.19310644221413853,False,2017,1775
9,-0.004700922141826972,0.0353750403789449,0.6271388940902838,-0.007588099743075588,0.3804875659262741,False,2017,1783
9,-0.005779260306604265,0.10284703723805877,0.39959876223751967,-0.007989557989785238,0.2766483059522028,False,2017,1791
9,-0.0024306604414285576,0.011617627886535975,0.7815586840051476,-0.0056774480820018045,0.571874474883523,True,2017,1805
9,-0.007197348569159338,0.09228466129712487,0.4260787395531387,-0.00486609253137661,0.47908173195449266,False,2017,1813
9,-0.0066483949120680905,0.1340672421118858,0.3321483804344203,-0.007696096359015339,0.1361341384090069,False,2017,1821
9,0.001613885818846635,0.0197966982011617,0.7181620171150915,0.003556582245389452,0.546225643751446,True,2017,1830
9,0.002136217277153849,0.010122105821455007,0.7967864006778688,-0.00019917667286670768,11.725238284221371,True,2017,1848
9,0.003797680693223128,0.05097284219132203,0.5594486609148881,0.0028426668212495204,0.3359570192449858,False,2017,1856
9,0.0056127462431584665,0.1573428803218081,0.2906081175335845,0.007901289286456559,0.2896417230566204,False,2025,1864
9,0.0019236772836540707,0.013919876161724298,0.7623587624848982,0.0025305919475875805,0.239831105331732,False,2025,1872
9,-0.0013166155212204372,0.008547235757652594,0.8131030451658314,-0.0022429108903320727,0.412988038492467,False,2018,1881
9,0.0005855361055942312,0.002501997115470833,0.8982120431435864,0.0021773127464591036,0.7310739550179595,True,2025,1899
9,0.00028102586869512393,0.0002579562995681517,0.9672766255476094,-0.0013113947016147043,1.214295412623751,True,2017,1902
9,-0.00019953146468259654,0.00019152305278735682,0.971914731222666,0.0012404605252072515,1.1608527322135138,True,2023,1911
9,-5.495973924271007e-05,4.006746206042244e-06,0.995843860824591,0.0029717466792481694,1.018494086197352,True,2017,1929
9,-0.00025031451329590195,0.0001636709825849625,0.973882662861441,0.0012619446514500205,1.1983561743443196,True,2017,1937
9,-0.000750662450682673,0.0010847883295138638,0.9330380208016936,0.0020949032340579496,1.3583279831157624,True,2017,1945
9,-0.0011439023412735182,0.002783970262705715,0.892900013196798,-5.0160946906576336e-05,21.804640099877123,True,2025,1953
9,-0.0026757853848987834,0.019386279617447766,0.7204341379522556,-0.002086407729068086,0.2824844097437985,False,2017,1961
9,0.00023439101721771356,0.00023615995064329987,0.9687182530331163,0.0006603176492704366,0.645032936077531,True,2025,1970
9,0.002193106769467575,0.019416721203393883,0.7208343915750839,0.0032900475852323716,0.3334118389923899,False,2025,1988
9,0.004044602072218847,0.0561303100655246,0.539569338958298,0.004948315551564317,0.18263052748521222,False,2025,1996
9,-0.004343239569052432,0.06737848917019684,0.5001396582242327,-0.006075047918894464,0.2850690847154973,False,2018,2003
9,-0.0010854996886439962,0.0025014396282182494,0.8984088183663035,-0.004272352676029097,0.745924606193114,True,2018,2011
9,-0.006204118665443367,0.04753813841249632,0.5731609960011854,-0.005172260638082009,0.19949845910008016,False,2024,2020
9,-0.0027708798721277858,0.017845840601590002,0.7319067719654184,-0.0059389671749841295,0.5334407834750846,True,2017,2038
9,-0.002177465380488874,0.01617312249667313,0.7442567664973343,-0.002883407821981554,0.24482920387152796,False,2025,2046
9,-0.006663245899678727,0.09376885902005849,0.4229276981617138,-0.006111212842570565,0.09033117833218196,False,2017,2054
9,-0.004809198558446319,0.030591140475279333,0.6527901481975094,-0.0033887448639634277,0.41916808479395207,False,2017,2062
